HUB1,PFC1060c
UBL5,PF11_0336
HUB1,PF11_0336
PFI0930c,PFI0930c
PFI0930c,HIST1H3A
PFI0930c,HIST2H2AC
PFI0930c,HIST2H2BE
PFI0930c,HIST1H4A
PfPK6,H1F0
PfPK6,PfPK6
MAL13P1.120,MAL13P1.202
MAL13P1.120,MAL8P1.111
MAL13P1.121,PFF1185w
MAL13P1.121,PFL1705w
MAL13P1.121,PFL2335w
MAL13P1.14,MAL7P1.119
MAL13P1.14,PF10_0232
MAL13P1.14,PFD0210c
MAL13P1.14,PFD0885c
MAL13P1.14,PFF1440w
MAL13P1.140,MAL13P1.308
MAL13P1.140,PF13_0130
MAL13P1.148,MAL7P1.129
MAL13P1.148,PF14_0667
PfSyn5,PFB0765w
PfRh2b,PFI0175w
MAL13P1.188,PFC0720w
MAL13P1.19,PF07_0026
MAL13P1.19,PFI0240c
MAL13P1.19,PFI1085w
MAL13P1.193,MAL13P1.103
MAL13P1.193,PF07_0020
MAL13P1.193,PF07_0042
MAL13P1.193,PF08_0020
MAL13P1.193,PF10_0232
MAL13P1.193,PF10_0266
MAL13P1.193,PF11_0347
MAL13P1.193,PF14_0463
MAL13P1.193,PFC0435w
MAL13P1.193,PFD0785c
MAL13P1.193,ApiAP2
MAL13P1.193,TLP
MAL13P1.193,PFI1610c
MAL13P1.193,PKAr
MAL13P1.202,MAL13P1.202
MAL13P1.202,PF08_0129
MAL13P1.202,PFB0190c
MAL13P1.202,Rh3
MAL13P1.206,PF07_0105
MAL13P1.206,PF10_0143
MAL13P1.206,MSP7
MAL13P1.206,PF14_0059
MAL13P1.206,EXP-2
MAL13P1.206,PFB0230c
MAL13P1.206,PFF1185w
MAL13P1.209,PFD0885c
MAL13P1.21,PFI1715w
PfPMT,MAL13P1.333
PfPMT,PF10_0115
PfPMT,PF11_0241
PfPMT,PF14_0257
PfPMT,PF14_0344
PfPMT,PFE1370w
PfPMT,PFI1610c
PfPMT,PFL1515c
MAL13P1.222,MAL13P1.336
MAL13P1.222,PF11_0049
MAL13P1.222,PFC0315c
MAL13P1.23,PFF0835w
MAL13P1.234,PFE1465w
MAL13P1.237,MAL13P1.233
MAL13P1.237,PF13_0161
MAL13P1.237,PFE0995c
MAL13P1.249,MAL7P1.20
MAL13P1.249,PFE0570w
MAL13P1.256,PFE0750c
MAL13P1.262,MAL7P1.170
MAL13P1.269,MAL13P1.269
MAL13P1.269,PF07_0044
MAL13P1.269,PF11_0351
MAL13P1.269,PFD0735c
MAL13P1.269,PFD0885c
MAL13P1.269,PFL1705w
MAL13P1.281,PF13_0286
MAL13P1.295,MAL8P1.113
MAL13P1.295,PF10_0232
MAL13P1.295,PFE0440w
MAL13P1.295,PFE1245w
MAL13P1.295,MSP1
MAL13P1.295,PFL0185c
MAL13P1.304,PF11_0402
MAL13P1.304,PF14_0131
MAL13P1.304,Pfcrk-3
MAL13P1.304,ApiAP2
MAL13P1.304,PFI0165c
MAL13P1.308,PF10_0115
MAL13P1.308,PF11_0225
MAL13P1.308,PF14_0344
MAL13P1.308,PF14_0380
MAL13P1.308,PF14_0673
MAL13P1.308,Sec31p
MAL13P1.308,PFD0150w
MAL13P1.308,PFE1600w
MAL13P1.308,MSP1
MAL13P1.308,PFL1340c
Pcalp,PF13_0045
Pcalp,ETRAMP5
MAL13P1.323,MAL13P1.323
MAL13P1.333,PFC0720w
MAL13P1.336,MAL13P1.222
MAL13P1.336,MAL13P1.336
MAL13P1.336,gcn5
MAL13P1.336,ApiAP2
MAL13P1.336,PF10_0348
MAL13P1.336,PF11_0049
MAL13P1.336,PF13_0076
MAL13P1.336,PFC0315c
MAL13P1.336,PFD0950w
MAL13P1.336,PFF0590c
MAL13P1.336,PFL1745c
MAL13P1.337,PFD0105c
MAL13P1.337,PFI1590c
MAL13P1.343,MAL7P1.170
MAL13P1.343,ERC
MAL13P1.343,PF11_0257
MAL13P1.343,MSP1
MAL13P1.349,PFI0930c
MAL13P1.35,MAL7P1.170
MAL13P1.35,PFL1025c
MAL13P1.43,PFE1225w
eba-140,PF10_0242
eba-140,SPAM
eba-140,PF11_0259
eba-140,PFE0770w
eba-140,MSP-9
MAL13P1.63,MAL13P1.63
MAL13P1.63,MAL8P1.23
MAL13P1.63,PFB0760w
MAL13P1.63,PFF0590c
MAL13P1.63,PFI0495w
MAL7P1.109,PF10_0115
MAL7P1.109,PFD0090c
MAL7P1.109,PFE0235c
MAL7P1.109,PFE1370w
MAL7P1.118,PF07_0029
MAL7P1.126,PFI0170w
MAL7P1.13,PF11_0315
MAL7P1.13,PFL1340c
MAL7P1.132,PfMAP1
MAL7P1.145,PF13_0104
MAL7P1.147,MAL13P1.132
MAL7P1.147,MAL7P1.12
MAL7P1.147,PF07_0047
MAL7P1.147,PF08_0035
MAL7P1.147,PfRh2a
MAL7P1.147,PF14_0027
MAL7P1.147,PFE1120w
MAL7P1.147,PFF1440w
MAL7P1.147,PFL1705w
MAL7P1.155,MAL13P1.202
MAL7P1.155,Pcalp
MAL7P1.155,PF10_0232
MAL7P1.155,PF11_0111
MAL7P1.155,PF11_0201
MAL7P1.155,PF11_0508
MAL7P1.155,PF13_0305
MAL7P1.155,PF14_0088
MAL7P1.155,PF14_0334
MAL7P1.155,PFC0390w
MAL7P1.155,PFD0090c
MAL7P1.155,PFD0545w
MAL7P1.155,PFD0775c
MAL7P1.155,PFF0575c
MAL7P1.160,PF14_0337
MAL7P1.167,MAL7P1.77
MAL7P1.17,MAL7P1.17
MAL7P1.17,PF10_0026
MAL7P1.170,PF08_0132
MAL7P1.170,PF11_0314
MAL7P1.171,PF10_0135
MAL7P1.174,DGK1
MAL7P1.174,MSP-9
MAL7P1.19,PF07_0012
MAL7P1.19,PF14_0463
MAL7P1.19,EXP-2
MAL7P1.19,PFE0070w
MAL7P1.19,PFI0495w
MAL7P1.19,MSP1
MAL7P1.24,MAL7P1.13
MAL7P1.24,REX3
MAL7P1.30,PF13_0036
MAL7P1.7,MAL7P1.134
MAL7P1.7,MAL7P1.171
MAL7P1.7,PF07_0088
MAL7P1.7,PF08_0132
MAL7P1.7,PF10_0189
MAL7P1.7,PF10_0232
MAL7P1.7,PF10_0244
MAL7P1.7,PF10_0361
MAL7P1.7,PF11_0035
MAL7P1.7,PF11_0342
MAL7P1.7,PF11_0351
MAL7P1.7,PF13_0165
MAL7P1.7,PF13_0208
MAL7P1.7,PF14_0341
MAL7P1.7,PF14_0527
MAL7P1.7,SERA-4
MAL7P1.7,PFC0425w
MAL7P1.7,PFD0210c
MAL7P1.7,PFE0280c
MAL7P1.7,PFE1345c
MAL7P1.7,PFF0210w
MAL7P1.7,MSP-9
MAL7P1.7,PFL1395c
MAL7P1.76,MAL13P1.111
MAL7P1.76,PF14_0558
MAL7P1.81,MAL7P1.77
MAL7P1.81,PF11_0218
MAL7P1.81,MSP-9
MAL8P1.103,PF13_0286
MAL8P1.104,MAL7P1.171
MAL8P1.104,MAL8P1.104
MAL8P1.104,gcn5
MAL8P1.104,PF14_0334
MAL8P1.104,PFF0590c
MAL8P1.104,PFI0225w
MAL8P1.104,PFL0350c
MAL8P1.108,PF10_0232
MAL8P1.111,MAL8P1.111
MAL8P1.128,PF11_0120
MAL8P1.134,PF14_0277
MAL8P1.134,EXP-2
MAL8P1.134,Pfcrk-3
MAL8P1.134,PfSAMS
MAL8P1.134,PFI1150w
MAL8P1.139,MAL8P1.139
MAL8P1.152,MAL7P1.119
MAL8P1.152,PF10_0361
MAL8P1.152,PFC0555c
ApiAP2,MAL13P1.275
ApiAP2,MAL8P1.104
ApiAP2,ApiAP2
ApiAP2,MAL8P1.23
ApiAP2,gcn5
ApiAP2,ApiAP2
ApiAP2,PF10_0232
ApiAP2,PF11_0142
ApiAP2,PF11_0342
ApiAP2,PF14_0031
ApiAP2,PF14_0679
ApiAP2,PFD0835c
ApiAP2,ApiAP2
ApiAP2,PFE1605w
ApiAP2,PFF0590c
ApiAP2,PFF1220w
ApiAP2,PFI0225w
ApiAP2,PFI1715w
ApiAP2,PFL1395c
PfPDI-8,PFC0430w
PfPDI-8,PFE0570w
MAL8P1.18,PF11_0506
MAL8P1.23,MAL8P1.23
MAL8P1.23,PF07_0056
MAL8P1.23,PF10_0232
MAL8P1.23,PF10_0266
MAL8P1.23,PF11_0504
MAL8P1.23,PF13_0072
MAL8P1.23,PF13_0228
MAL8P1.23,PF14_0107
MAL8P1.23,PF14_0191
MAL8P1.23,Pf113
MAL8P1.23,PF14_0344
MAL8P1.23,PF14_0463
MAL8P1.23,PF14_0577
MAL8P1.23,PFB0595w
MAL8P1.23,CDPK1
MAL8P1.23,PFB0935w
MAL8P1.23,PFC0965w
MAL8P1.23,PFD0775c
MAL8P1.23,PFD0970c
MAL8P1.23,PFE1605w
MAL8P1.23,ApiAP2
MAL8P1.23,ApiAP2
MAL8P1.23,PFF0880c
MAL8P1.23,PFI0875w
MAL8P1.23,MSP1
MAL8P1.23,PFI1780w
MAL8P1.23,PFL1325c
MAL8P1.3,PFL0465c
MAL8P1.4,PF10_0254
MAL8P1.4,MyoE
MAL8P1.64,PF10_0372
MAL8P1.69,MAL8P1.69
MAL8P1.69,ApiAP2
MAL8P1.69,PFB0194w
MAL8P1.69,PFC0105w
MAL8P1.69,PFE0245c
MAL8P1.69,MSP1
MAL8P1.69,PFI1715w
MAL8P1.71,MAL8P1.71
MAL8P1.71,PFB0540w
PfHMGB2,PfHMGB2
PfHMGB2,ApiAP2
PfHMGB2,PFF0590c
MAL8P1.8,PF13_0072
MAL8P1.8,PF14_0586
MAL8P1.95,MAL13P1.256
MAL8P1.95,MAL8P1.95
MAL8P1.95,gcn5
MAL8P1.95,PF14_0644
MAL8P1.95,PFD0885c
MAL8P1.95,PFE0870w
MAL8P1.95,PFE1605w
PF07_0006,PFD0965W
PF07_0016,PF14_0324
PF07_0020,MAL7P1.171
PF07_0021,PFI1610c
PF07_0024,MAL7P1.119
PF07_0024,ApiAP2
PF07_0024,PF11_0111
PF07_0024,PFE1120w
PF07_0029,PFL1070c
PF07_0033,PF07_0029
PF07_0033,PFF1185w
PF07_0042,PFC0365w
PF07_0043,PfCK2beta2
PF07_0043,MESA
PF07_0053,MAL7P1.155
PF07_0053,ApiAP2
PF07_0053,PF11_0371
PF07_0053,PFC0775w
PF07_0053,PFE0440w
PF07_0056,MAL7P1.170
PF07_0056,PFE0095c
PF07_0056,PFL0355c
PF07_0057,PF13_0036
PF07_0062,MAL7P1.19
PF07_0062,MAL7P1.81
PF07_0062,MAL8P1.144
PF07_0062,PF07_0081
PF07_0062,PF10_0077
PF07_0062,PF10_0091
PF07_0062,PF10_0272
PF07_0062,ERC
PF07_0062,RON4
PF07_0062,PF14_0046
PF07_0062,PF14_0541
PF07_0062,PFB0106c
PF07_0062,MSP4
PF07_0062,RON6
PF07_0062,RhopH1(3.1)
PF07_0062,PFC0920w
PF07_0062,PFD0545w
PF07_0062,PFE0185c
PF07_0062,PFL2400w
PF07_0066,MAL8P1.111
PF07_0066,PF07_0082
PF07_0066,PF10_0143
PF07_0066,PFE1350c
PF07_0067,PF13_0161
PF07_0067,PfRh2a
PF07_0067,PF14_0029
PF07_0067,PF14_0463
PF07_0067,PF14_0482
PF07_0073,PF11_0142
PF07_0080,PF11_0504
PF07_0082,MAL8P1.71
PF07_0082,PF11_0111
PF07_0084,SPAM
PF07_0086,PF07_0029
PF07_0086,PF10_0143
PF07_0086,PFC0390w
PF07_0086,PFF0745c
PF07_0086,PFL2365w
PF07_0101,PFD0090c
PF07_0101,PFE0070w
PF07_0105,MAL13P1.148
PF07_0105,MAL13P1.336
PF07_0105,MAL7P1.171
PF07_0105,PF07_0053
PF07_0105,PF10_0084
PF07_0105,PF14_0731
PF07_0105,PFF0090w
PF07_0105,PFL0815w
PF07_0106,MAL13P1.202
PF07_0106,PF10_0232
PF07_0106,PF11_0086
PF07_0106,PF11_0218
PF07_0106,CEN2
PF07_0106,PFL2420w
PF07_0112,PF14_0614
PF07_0112,PFC0560c
PF07_0112,PFI1715w
PF07_0120,PFE0770w
PF07_0120,PFI1715w
PF07_0122,PF14_0463
ApiAP2,PF10_0115
ApiAP2,PF11_0060
ApiAP2,PF13_0042
ApiAP2,PF14_0425
ApiAP2,ApiAP2
2255.m00020,MAL8P1.111
2255.m00020,PF07_0042
2255.m00020,PF10_0217
2255.m00020,TSN
2255.m00020,PFF0510w
2255.m00020,PFL0130c
2255.m00020,PFL0625c
PF08_0009,PF13_0266
PF08_0009,SERA-7
PF08_0009,MESA
PF08_0009,PFF0480w
PF08_0009,PFI0170w
PF08_0026,PF10_0041
PF08_0026,ApiAP2
PF08_0026,PF11_0506
PF08_0026,PF14_0246
PF08_0026,PF14_0487
PF08_0026,EXP-2
PF08_0026,PFD0885c
PF08_0026,MESA
PF08_0026,PFI0570w
PF08_0026,PFI0990c
gcn5,PF11_0504
PF08_0035,PFL2420w
PF08_0041,PF14_0577
PF08_0041,PFF1050w
PF08_0048,PF13_0219
PF08_0048,PF14_0391
PF08_0048,PFD0090c
PF08_0048,PFF1395c
PF08_0049,PF11_0055
PF08_0054,MAL7P1.76
PF08_0054,PF07_0023
PF08_0054,PF14_0197
PF08_0054,PF14_0726
PF08_0054,PFC0350c
PF08_0054,PFD0900w
PF08_0054,PFE1405c
PF08_0054,PFF0805c
PF08_0054,PFI0875w
PF08_0054,MSP1
PF08_0054,PFI1640c
PF08_0054,PFL0350c
PF08_0055,PF14_0344
PF08_0055,PFD0090c
PF08_0055,PFD0450c
PF08_0058,PF08_0137
PF08_0059,MyoE
PF08_0060,MAL13P1.337
PF08_0060,MAL8P1.104
PF08_0060,PF07_0086
PF08_0060,gcn5
PF08_0060,PF13_0139
PF08_0060,PFB0765w
PF08_0060,ApiAP2
PF08_0060,PFE0570w
PF08_0060,PFE1225w
PF08_0060,PFF0590c
PF08_0060,PFI0225w
PF08_0060,PFI0875w
PF08_0068,PFL0290w
PF08_0076,PFF0835w
PF08_0078,PFD1060w
PF08_0078,PFE0070w
PF08_0081,GAPDH
PF08_0081,MESA
PF08_0082,PF10_0171
PF08_0083,PfRh2a
PF08_0083,PF14_0463
PF08_0085,PFL1620w
PF08_0087,MAL8P1.23
PF08_0089,PFI1155w
PF08_0096,PF13_0339
pfa55-14,MAL8P1.69
pfa55-14,PF10_0205
pfa55-14,PFE1225w
PF08_0108,PF07_0042
PF08_0109,PF11_0342
PF08_0113,PFD0835c
PF08_0113,PFL1025c
PF08_0114,PFC0925w
PF08_0114,PFI1715w
PF08_0115,PFL1750c
PF08_0124,MAL8P1.23
PF08_0124,PF08_0035
PF08_0124,PF14_0461
PF08_0124,PFE0060w
PF08_0124,PFE0350c
PF08_0124,PFF1315w
g-tub,PF10_0232
PF08_0127,MAL13P1.304
PF08_0127,PF11_0086
PF08_0127,PF11_0458
PF08_0127,PfENT1
PF08_0127,PFB0540w
PF08_0127,MESA
PF08_0127,PFL1760w
PF08_0128,PFI0930c
PF08_0129,PF11_0111
PF08_0132,PfPDI-8
PF08_0132,PF11_0165
PF08_0132,PF11_0293
PF08_0132,PfRh2a
PF08_0132,PF14_0228
PF08_0132,PF14_0334
PF08_0132,GAPDH
PF08_0132,PFD0080c
PF08_0132,PFD0885c
PF08_0132,PFE0230w
PF08_0132,PFF0835w
PF08_0132,PfPK4
PF08_0132,PFI0200c
PF08_0132,PFI1340w
PF08_0132,PFL0130c
PF08_0132,PFL2335w
PF08_0137,MAL8P1.111
PF08_0137,PF13_0053
PF08_0137,PF14_0758
PF08_0137,PFL1745c
PF10_0026,MAL13P1.114
PF10_0039,PF10_0242
PF10_0040,PF14_0230
PF10_0043,PFF0835w
PF10_0043,PFL0185c
PF10_0058,PF11_0142
PF10_0058,PFL0840c
PF10_0060,PFE1050w
PF10_0063,PF14_0517
PF10_0063,RIF
PF10_0071,MAL13P1.308
PF10_0071,PFI1510w
ApiAP2,MAL13P1.336
ApiAP2,PF07_0042
ApiAP2,gcn5
ApiAP2,ApiAP2
ApiAP2,PFF1300w
ApiAP2,PFL2440w
PF10_0079,PFL0630w
PF10_0081,MAL7P1.172
PF10_0111,MAL13P1.114
PF10_0111,MAL7P1.170
PF10_0111,MAL7P1.19
PF10_0111,SPAM
PF10_0111,PF10_0348
PF10_0111,PF11_0245
PF10_0111,PF11_0371
PF10_0111,PF11_0477
PF10_0111,PF13_0086
PF10_0111,PF14_0270
PF10_0111,PF14_0487
PF10_0111,PFB0145c
PF10_0111,PFE0060w
PF10_0111,PFE0350c
PF10_0111,PFI0930c
PF10_0114,MAL13P1.337
PF10_0114,MAL7P1.134
PF10_0114,MAL7P1.173
PF10_0114,MAL8P1.69
PF10_0114,PF07_0026
PF10_0114,PF08_0081
PF10_0114,flN
PF10_0114,PF14_0138
PF10_0114,PF14_0392
PF10_0114,PF14_0706
PF10_0114,PF14_0746
PF10_0114,PFB0540w
PF10_0114,Sec31p
PF10_0114,PFE0290c
PF10_0114,PFE0570w
PF10_0114,PFF0220w
PF10_0114,PfTK
PF10_0114,PFF0590c
PF10_0114,PFI0875w
PF10_0114,pUB
PF10_0114,PFL0815w
PF10_0114,PKAr
PF10_0115,PF07_0029
PF10_0115,PF13_0165
PF10_0115,PF14_0344
PF10_0115,CEN2
PF10_0115,PFD0835c
PF10_0115,PFF1050w
PF10_0135,PF10_0135
PF10_0136,SERA-5
PF10_0143,PFI0825w
PF10_0146,PFF0590c
PF10_0155,MAL13P1.308
PF10_0155,GAPDH
PF10_0155,PF14_0673
PF10_0155,SERA-7
PF10_0155,PFF0510w
PF10_0155,PFL0280c
PF10_0155,PFL0925w
PF10_0155,MSP-9
FIKK-10.1,RIF
FIKK-10.1,PFD0210c
FIKK-10.1,PFE0060w
FIKK-10.1,ApiAP2
FIKK-10.1,PFL1400c
PF10_0169,PF10_0232
PF10_0171,PF07_0029
PF10_0186,MAL13P1.56
PF10_0186,PF10_0063
PF10_0186,Pf113
PF10_0186,Prt1
PF10_0186,PFD0485w
PF10_0186,PFE0070w
PF10_0196,PF11_0185
PF10_0205,PFI0970c
PF10_0206,MAL13P1.122
PF10_0206,PF07_0016
PF10_0219,ApiAP2
PF10_0219,MyoA
PF10_0219,PF13_0305
PF10_0219,PFI0875w
PF10_0219,PFL0625c
PF10_0221,PFD0265w
PF10_0232,PF07_0086
PF10_0232,PF10_0131
PF10_0232,PF10_0146
PF10_0232,PF10_0232
PF10_0232,PF11_0191
PF10_0232,PF11_0398
PF10_0232,PF11_0506
PF10_0232,PF14_0644
PF10_0232,PFD0380c
PF10_0232,PFD0885c
PF10_0232,PFF0835w
PF10_0232,PFF0920c
PF10_0232,MSP1
PF10_0232,PFI1715w
PF10_0232,PFL1705w
PF10_0236,PF10_0236
PF10_0242,MAL8P1.69
PF10_0242,PF07_0029
PF10_0242,PF07_0053
PF10_0242,PF07_0066
PF10_0242,PF11_0342
PF10_0242,PF14_0126
PF10_0242,PF14_0434
PF10_0242,GAPDH
PF10_0242,PFF0665c
PF10_0242,MSP-9
PF10_0246,MAL13P1.13
PF10_0246,PFC0390w
PF10_0248,PFF1425w
PF10_0254,PFI0975c
PF10_0254,MSP-9
PF10_0254,PFL1845c
PF10_0260,PF07_0123
PF10_0260,PF10_0146
PF10_0260,PF11_0111
PF10_0260,PF11_0341
PF10_0260,PFD0090c
PF10_0260,MyoE
PF10_0262,PF14_0055
PF10_0262,PFD0835c
PF10_0262,PFI0930c
PF10_0262,PFL0185c
PF10_0262,PFL0830w
PF10_0266,PF11_0064
PF10_0266,PFI1075w
PF10_0266,MSP-9
PF10_0268,MAL8P1.111
PF10_0268,RON4
PF10_0268,PF13_0164
PF10_0272,MAL7P1.155
PF10_0272,PF10_0254
PF10_0272,PFE1370w
PF10_0272,PFL0185c
PF10_0289,PFL2335w
PF10_0292,PF10_0232
PF10_0294,PfRh2a
PF10_0294,PFC0390w
PF10_0309,EXP-2
PF10_0319,PFB0915w
PF10_0319,PFL2420w
PF10_0322,MAL13P1.202
PF10_0322,PF10_0322
ETRAMP10.2,MAL13P1.230
ETRAMP10.2,PFI0175w
PF10_0324,PF11_0277
PF10_0335,MAL13P1.114
PF10_0335,PF07_0057
PF10_0335,PF11_0313
SPAM,PF07_0086
SPAM,SPAM
SPAM,PF14_0492
MSP-6,pUB
MSP-6,PFL1335w
MSP-6,PFL1530w
PF10_0348,PF10_0183
PF10_0348,PF11_0260
PF10_0348,PF14_0393
PF10_0348,PFB0620w
PF10_0348,PFF0835w
PF10_0350,MAL13P1.202
PF10_0374,MAL13P1.96
PF10_0374,PF14_0046
PF10_0374,PF14_0170
PF10_0374,PF14_0402
PF10_0374,PFL1645w
FIKK-10.2,MSP7
FIKK-10.2,SBA1
FIKK-10.2,PF14_0650
FIKK-10.2,MyoE
PF11_0035,MAL13P1.202
ETRAMP_11.2,PFF0835w
PF11_0053,PF11_0193
PF11_0053,PF13_0275
PF11_0053,PF14_0228
PF11_0053,PFD0440w
PF11_0053,PFI0690c
PF11_0053,PFI1715w
CEN4,PF11_0342
CEN4,GAP45
PF11_0069,MAL13P1.191
PF11_0069,PF11_0069
PF11_0076,PF14_0614
PF11_0086,MAL7P1.37
PF11_0086,PF11_0086
PF11_0086,PFB0920w
PF11_0086,PFF0510w
PF11_0086,PFF0590c
PF11_0091,PF14_0233
PF11_0091,VAR
CK2alpha,PFF0220w
PF11_0099,PFL0185c
PF11_0111,PF07_0053
PF11_0111,PF07_0082
PF11_0111,MyoE
PF11_0127,MAL7P1.37
PF11_0127,PF10_0232
PF11_0127,PF13_0164
PF11_0127,PfRh2a
PF11_0127,PF14_0223
PF11_0127,MSP2
PF11_0127,PFC0925w
PF11_0127,RIF
PF11_0127,PFD0885c
PF11_0131,PF11_0091
PF11_0142,MAL13P1.206
PF11_0156,MAL13P1.336
PF11_0156,PF11_0069
PF11_0156,PF11_0193
PF11_0156,PF11_0218
PF11_0156,PF14_0463
PF11_0156,Syn17
PF11_0156,PFI1215w
PF11_0156,PFI1715w
PF11_0160,PF11_0302
PF11_0161,MAL13P1.233
PF11_0161,PF13_0310
PF11_0161,PF14_0324
RON4,PF11_0208
RON4,PFE0990w
PF11_0174,PF10_0143
PF11_0174,PF10_0262
PF11_0174,PF13_0305
PF11_0175,PF11_0175
PF11_0188,PFC0440c
PF11_0188,PFD0310w
PF11_0188,pUB
PF11_0188,PKAr
PF11_0191,PFD0885c
PF11_0191,PFF1440w
PF11_0193,PFF0785w
PF11_0198,PFF0940c
PF11_0200,SERA-6
PF11_0200,PFL0185c
PF11_0206,PFI0875w
PF11_0224,PF10_0281
PF11_0225,PFF1220w
PF11_0225,PFL0565w
PF11_0229,PF13_0173
PF11_0239,PF08_0048
PF11_0239,PF11_0142
PF11_0239,PF14_0252
PF11_0239,Bet1
PF11_0239,PF14_0637
PF11_0239,PFB0915w
PF11_0239,PFC0235w
PF11_0239,PFF0785w
PF11_0239,PFL0280c
PF11_0239,PFL2420w
PF11_0241,MAL8P1.104
PF11_0241,gcn5
PF11_0241,PFC0350c
PF11_0241,PFF1440w
PF11_0241,PFI0225w
PF11_0241,PFL0275w
PF11_0242,PFL0275w
PF11_0244,PFL1745c
PF11_0245,PFL0835w
PF11_0246,PFI0225w
PF11_0252,PFE1465w
PF11_0252,PFI0975c
PF11_0257,PF10_0047
PF11_0259,MAL13P1.336
PF11_0259,PFI1715w
PF11_0259,PFL0185c
PF11_0260,PF14_0032
PF11_0267,PFL0625c
PF11_0268,MSP1
PF11_0268,PFI1610c
PF11_0272,PF11_0090
PF11_0272,PFL0185c
PF11_0275,PF14_0231
PF11_0277,PF10_0183
PF11_0277,PFD0795w
PF11_0277,PFE0570w
PF11_0277,PFI0635c
PF11_0290,MAL13P1.103
PF11_0290,Sec61
PF11_0290,PF14_0650
PF11_0291,PF11_0351
PF11_0291,PF14_0282
PF11_0291,PFB0935w
PF11_0291,PFI1110w
PF11_0302,PF11_0302
PF11_0302,PF14_0197
PF11_0302,PF14_0649
PF11_0302,PFI0175w
PF11_0303,MAL8P1.69
PF11_0303,PF14_0337
PF11_0303,MESA
PF11_0310,MAL13P1.308
PF11_0313,ApiAP2
PF11_0313,PFB0195c
PF11_0315,PF10_0361
PF11_0315,PF11_0346
PF11_0322,PFB0915w
PF11_0329,MAL8P1.139
PF11_0329,PF11_0272
PF11_0331,PF10_0242
PF11_0331,PFE0465c
PF11_0341,MAL13P1.323
PF11_0341,PF07_0042
PF11_0341,PF13_0161
PF11_0341,PF14_0029
PF11_0341,PF14_0463
PF11_0341,trophozoite antigen R45
PF11_0341,PFE0430w
PF11_0341,PFI1150w
PF11_0342,MAL8P1.154
PF11_0342,PF14_0487
PF11_0342,PFD0255w
PF11_0349,PF11_0506
PF11_0351,MAL13P1.304
PF11_0351,PF11_0111
PF11_0351,PF11_0351
PF11_0351,SERA-5
PF11_0351,PFE0570w
PF11_0351,MSP-9
PDI-11,PF13_0106
PDI-11,PF14_0594
TSN,TSN
PF11_0396,PI PLC
PF11_0396,PfRh2a
PF11_0396,PF14_0344
PF11_0396,MSP4
PF11_0396,PFE0770w
PF11_0400,MAL13P1.308
PF11_0402,PF11_0165
PF11_0402,EXP-2
PF11_0402,PFE0980c
PF11_0402,Gatp
ApiAP2,PF10_0324
PF11_0413,PF10_0232
PF11_0418,PF10_0115
PF11_0418,PF13_0356
PF11_0418,PF14_0231
PF11_0429,PF08_0060
PF11_0429,PF10_0135
PF11_0429,MSP-6
PF11_0429,PF13_0047
PF11_0429,PfACS10
PF11_0429,PFF1185w
PF11_0429,PFL0625c
PF11_0433,MAL13P1.148
PF11_0433,PF07_0023
PF11_0433,PFI0225w
ApiAP2,PF14_0102
PF11_0464,3D7Surf13.1
dyn1,PF08_0120
dyn1,EXP-2
dyn1,MESA
PF11_0477,MAL13P1.308
PF11_0477,MAL13P1.336
PF11_0477,ApiAP2
PF11_0477,PF10_0163
PF11_0477,PF11_0111
PF11_0477,PF13_0036
PF11_0477,PF14_0170
PF11_0477,PF14_0700
PF11_0477,PFE1530c
PF11_0477,PFF0880c
PF11_0477,PFI0635c
PF11_0477,PFI1715w
PF11_0477,PFL0335c
PF11_0503,PF14_0352
PF11_0504,MAL13P1.269
PF11_0504,PF08_0127
PF11_0504,PF10_0146
PF11_0504,PF10_0232
PF11_0504,PF13_0161
PF11_0504,PF13_0173
PF11_0504,PF13_0268
PF11_0504,PF14_0230
PF11_0504,PF14_0326
PF11_0504,SBA1
PF11_0504,EXP-2
PF11_0504,emp3
PF11_0504,PFD0835c
PF11_0504,PFE0845c
PF11_0504,PFI0495w
PF11_0504,PFI1500w
PF11_0504,PFL0815w
PF11_0504,PFL1855w
PF11_0506,PF11_0189
PF11_0506,PFF1185w
PF11_0506,MAL13P1.140
PF11_0506,MAL13P1.202
PF11_0506,MAL13P1.328
PF11_0506,MAL7P1.119
PF11_0506,MAL7P1.170
PF11_0506,PfORC2
PF11_0506,MAL7P1.77
PF11_0506,PfHMGB2
PF11_0506,ApiAP2
PF11_0506,PF10_0038
PF11_0506,PF10_0214
PF11_0506,PF11_0127
PF11_0506,PF11_0342
PF11_0506,ApiAP2
PF11_0506,PF13_0045
PF11_0506,PF13_0215
PF11_0506,PF13_0305
PF11_0506,PF14_0372
PF11_0506,PF14_0463
PF11_0506,PF14_0594
PF11_0506,PF14_0614
PF11_0506,H45
PF11_0506,PF14_0700
PF11_0506,MSP2
PF11_0506,PFB0595w
PF11_0506,PFC0175w
PF11_0506,PFC0925w
PF11_0506,RIF
PF11_0506,ApiAP2
PF11_0506,PFE0070w
PF11_0506,ETRAMP5
PF11_0506,PFF0505c
PF11_0506,PFF0880c
PF11_0506,PFF0920c
PF11_0506,PFI1780w
PF11_0506,MSP-9
PF11_0506,PFL1515c
PF11_0506,PFL1565c
PF11_0509,PF11_0193
PF11_0509,PF11_0509
PF13_0025,PFF1050w
PF13_0035,MAL13P1.323
PF13_0036,MAL8P1.139
PF13_0036,PF14_0230
PF13_0036,PFD0310w
PF13_0036,PFE1340w
PF13_0036,MSP1
PF13_0036,PFL0625c
PF13_0041,PF11_0506
PF13_0041,ApiAP2
PF13_0041,PFF0835w
PF13_0041,PFL0635c
cpsSII,cpsSII
PF13_0049,PF11_0277
PF13_0049,PFI1780w
PF13_0049,PFL0185c
PF13_0050,MAL7P1.119
PF13_0050,PF10_0028
PF13_0050,RON6
PF13_0050,PFC0390w
PF13_0050,PFC1045c
PF13_0050,PFD0885c
PF13_0050,PFE0230w
PF13_0050,PFE1225w
PF13_0050,PFF0185c
PF13_0050,PFL1340c
PF13_0076,PF13_0076
PF13_0087,PFD0785c
PF13_0091,PFL0625c
PF13_0102,ApiAP2
PF13_0102,PFI1780w
PF13_0122,MAL13P1.337
PF13_0122,PF08_0003
PF13_0129,MSP2
PF13_0132,MAL13P1.269
PF13_0132,MAL13P1.323
PF13_0146,PF11_0506
PF13_0146,MESA
PF13_0146,PFI0930c
PF13_0147,PF11_0200
PF13_0147,PF13_0147
PF13_0153,PF14_0315
PF13_0153,PFE1605w
PF13_0154,PF11_0260
PF13_0155,PFE0070w
PF13_0155,PFF0590c
PF13_0155,PFL2440w
PF13_0156,gcn5
PF13_0156,ApiAP2
PF13_0156,MSP-9
PF13_0161,PF07_0097
PF13_0161,PF10_0264
PF13_0161,PFL0625c
PF13_0162,MAL8P1.111
PF13_0162,ApiAP2
PF13_0170,PF11_0504
PF13_0173,PF11_0504
PF13_0184,PFD0535w
PF13_0189,PFF0835w
MSP7,MAL8P1.82
MSP7,PF08_0008
MSP7,PF10_0232
MSP7,PF13_0270
MSP7,PF14_0359
MSP7,GAPDH
MSP7,PFC0105w
MSP7,PFE1370w
MSP7,ApiAP2
MSP7,PFI0345w
MSP7,MSP-9
PfRh2a,Bet1
PfRh2a,PFB0765w
PfRh2a,ApiAP2
PF13_0203,PF10_0292
PF13_0203,PF14_0463
PF13_0213,PF11_0464
PF13_0213,PF14_0434
PF13_0213,PFD0265w
PF13_0213,PFD0970c
PF13_0228,PF10_0232
PF13_0228,RON4
PF13_0228,PF13_0109
PF13_0228,PF14_0390
PF13_0228,PF14_0758
PF13_0228,PFB0915w
PF13_0228,trophozoite antigen R45
PF13_0228,PFE1005w
PF13_0228,PFF1485w
MyoA,PFF0505c
PF13_0243,PF11_0086
PF13_0254,MAL7P1.76
PF13_0254,PF13_0286
PF13_0254,H45
PF13_0254,EXP-2
PF13_0265,PF14_0463
PF13_0268,MAL13P1.114
PF13_0268,MyoE
PF13_0274,MAL7P1.170
PF13_0286,PF10_0262
PF13_0286,PF11_0115
PF13_0286,PF13_0106
PF13_0286,PF13_0132
PF13_0286,PF14_0463
PF13_0286,PFL0350c
PF13_0305,PF08_0045
PF13_0305,PF08_0132
PF13_0305,PF10_0205
PF13_0305,PF14_0252
PF13_0305,PF14_0434
PF13_0305,PF14_0637
PF13_0305,FIKK9.7
PF13_0307,PF11_0508
PF13_0307,PFI0975c
PF13_0307,PFL0290w
PF13_0314,PF08_0060
PF13_0314,PF08_0075
PF13_0314,PF08_0081
PF13_0314,PF10_0143
PF13_0315,PF07_0097
PF13_0315,PF08_0081
PF13_0321,PF11_0111
PF13_0321,PF13_0321
PF13_0321,PF14_0128
PF13_0346,PF13_0165
PF13_0354,PF08_0060
PF14_0001,VAR
PF14_0001,PFL1930w
PF14_0001,VAR
PF14_0025,PF14_0194
PF14_0028,PFE1285w
PF14_0028,PFL1485w
PF14_0029,MAL13P1.203
PF14_0029,PfTKL-5
PF14_0032,MAL13P1.233
PF14_0032,MAL13P1.256
PF14_0032,MAL7P1.171
PF14_0032,PF07_0029
PF14_0032,PF08_0129
PF14_0032,PF10_0115
PF14_0032,PFI0705w
PF14_0055,PFC1060c
PF14_0055,PFD0380c
PF14_0059,MAL13P1.234
PF14_0059,MAL8P1.23
PF14_0059,PF07_0012
PF14_0059,PF07_0056
PF14_0059,PF08_0127
PF14_0059,PF10_0232
PF14_0059,PF11_0329
PF14_0059,DHFS-FPGS
PF14_0059,PF14_0463
PF14_0059,PFD0495c
PF14_0059,PFL1760w
PF14_0102,PF08_0126
PF14_0102,PF11_0218
PF14_0102,PFC0150w
PF14_0102,PFF0220w
PF14_0102,PFL0350c
PF14_0102,PFL2335w
PF14_0120,PFL0280c
PF14_0123,PF14_0123
PF14_0140,PF14_0140
ABCk2,PFL0280c
PF14_0152,MAL13P1.59
PF14_0152,PF13_0036
PF14_0152,PF13_0286
PF14_0152,PF14_0644
PF14_0152,PFF0835w
PF14_0174,PFE1225w
PF14_0177,MAL7P1.170
PF14_0177,PF10_0143
PF14_0177,PF11_0053
PF14_0177,PF11_0242
PF14_0177,GAPDH
PF14_0177,PFD1115c
PF14_0177,PFL0275w
PF14_0190,PF13_0036
PF14_0191,PfPDI-8
PF14_0191,PF11_0307
PF14_0191,PFC0775w
PF14_0194,PFF0220w
PF14_0198,PF11_0250
PF14_0198,PFI0875w
Pf113,MAL13P1.114
Pf113,MAL8P1.69
Pf113,PF10_0213
Pf113,PF11_0277
Pf113,PF13_0036
Pf113,MSP7
Pf113,PFE0845c
Pf113,PFF0770c
Pf113,PFL0350c
PF14_0228,PFF0590c
PF14_0229,REX3
PF14_0230,PF14_0319
PF14_0231,PF11_0069
PF14_0231,SERA-6
PF14_0231,PFL0185c
PF14_0233,PF14_0013
PF14_0239,PF07_0042
PF14_0239,PF10_0079
PF14_0239,PFE1370w
PF14_0239,REX3
PF14_0239,PFL1025c
PF14_0240,MAL7P1.170
PF14_0240,PFL0185c
PF14_0241,PFF1050w
PF14_0257,PFC0920w
PF14_0259,MESA
PF14_0261,PF14_0059
PF14_0277,PF10_0357
PF14_0280,PF10_0262
PF14_0280,PFB0280w
PF14_0280,pUB
PF14_0280,ATPase4
PF14_0280,MSP-9
PF14_0308,PFC0955w
PF14_0315,ApiAP2
PF14_0315,EXP-2
PF14_0315,PFI0225w
PF14_0315,PFL0925w
PF14_0316,PF14_0170
PF14_0316,SBA1
PF14_0319,PFF0590c
PF14_0323,MAL13P1.114
PF14_0323,PfPDI-8
PF14_0323,MAL8P1.18
PF14_0323,PF08_0129
PF14_0323,PF11_0091
PF14_0323,PF11_0193
PF14_0323,PF14_0176
PF14_0323,PF14_0393
PF14_0323,SERA-5
PF14_0323,MSP1
PF14_0324,pUB
PF14_0326,PF11_0065
PF14_0326,PF13_0024
PF14_0326,PF13_0157
PF14_0326,PFD0265w
PF14_0326,PFE0545c
PF14_0329,PfSNAP23
PF14_0329,MAL13P1.336
PF14_0329,MAL7P1.174
PF14_0329,PF14_0329
PF14_0329,PFC0255c
PF14_0329,ApiAP2
PF14_0329,PFF0590c
PF14_0338,MSP1
PF14_0343,MAL13P1.63
PF14_0343,MAL7P1.109
PF14_0343,PF07_0082
PF14_0343,PF08_0059
PF14_0343,PF10_0115
PF14_0343,PF13_0305
PF14_0343,PFB0880w
PF14_0359,PF14_0359
PF14_0359,PFB0595w
PF14_0359,PFI1610c
PF14_0363,MAL13P1.222
TPx1,PFD0535w
PF14_0374,PF07_0080
PF14_0374,PF10_0038
PF14_0374,PF11_0049
PF14_0374,MSP7
PF14_0374,PF14_0315
PF14_0374,PF14_0603
PF14_0407,Sec31p
PF14_0409,PFB0915w
PF14_0414,PFI1715w
PF14_0425,PFE0100w
LAMMER,PF08_0127
PF14_0437,MAL13P1.120
PF14_0442,PF10_0232
PF14_0442,PF11_0351
PF14_0448,PF14_0448
PF14_0450,PF11_0342
PF14_0463,MSP-9
PfVti1,Syn17
PF14_0470,PF10_0232
PF14_0478,MyoA
PF14_0487,MAL13P1.336
PF14_0487,MAL7P1.119
PF14_0487,MAL8P1.32
PF14_0487,PF10_0146
PF14_0487,PF10_0232
PF14_0487,PF10_0254
PF14_0487,PF11_0193
PF14_0487,PF11_0246
PF14_0487,PF14_0027
PF14_0487,PF14_0257
PF14_0487,CDPK1
PF14_0487,PFD0795w
PF14_0487,PFD0835c
PF14_0487,PFE1605w
PF14_0487,PFF0920c
PF14_0487,PFI0470w
PF14_0487,PFL0335c
PF14_0487,PFL1745c
PF14_0493,MAL13P1.336
PF14_0494,PF10_0025
PfRON2,MAL7P1.19
PfRON2,PF08_0008
PfRON2,PF10_0324
PfRON2,PFF0510w
PfRON2,PFL2335w
PF14_0499,MAL13P1.336
PF14_0499,PF10_0025
PF14_0499,PF10_0046
PF14_0499,PF10_0115
PF14_0499,PF10_0232
PF14_0499,PF11_0504
PF14_0499,PF13_0078
PF14_0499,ABCk2
PF14_0499,PF14_0152
PF14_0499,PF14_0487
PF14_0499,PF14_0607
PF14_0499,EXP-2
PF14_0499,PFB0870w
PF14_0499,ETRAMP5
PF14_0499,PFL2335w
PF14_0517,PF14_0486
PF14_0527,PFF0920c
PF14_0529,PFL0275w
PF14_0531,PF14_0325
PF14_0531,ETRAMP5
PF14_0540,PFD0685c
PF14_0580,PFE1435c
PF14_0586,PfTK
PF14_0587,MAL13P1.312
PF14_0587,MAL13P1.39
PF14_0587,MAL7P1.167
PF14_0587,PF10_0242
PF14_0587,PF11_0069
PF14_0587,PF14_0194
PF14_0587,PfSAMS
PF14_0588,MyoE
GAPDH,ApiAP2
GAPDH,PFL0350c
PF14_0608,PF14_0463
PF14_0613,ERC
PF14_0613,PF13_0076
PF14_0613,PFD0785c
PF14_0614,PF11_0069
PF14_0614,PFD0785c
PF14_0614,PFL1930w
ApiAP2,PF14_0344
PF14_0636,PF14_0636
PF14_0637,PFL1745c
PF14_0644,MAL7P1.81
PF14_0644,PF14_0059
PF14_0644,PFB0280w
PF14_0647,PF13_0036
PF14_0647,PFI1715w
PF14_0649,MAL7P1.170
PF14_0649,PF10_0242
PF14_0649,PFD0885c
PF14_0649,PFL0465c
PF14_0650,PFI1215w
PF14_0652,MAL13P1.308
PF14_0652,PF11_0246
PF14_0652,Sec31p
PF14_0652,PFD0090c
PF14_0652,PFF0785w
PF14_0652,REX3
PF14_0656,PF10_0170
PF14_0656,PFE0235c
PF14_0673,PF13_0215
EXP-2,PF10_0039
EXP-2,PF14_0463
EXP-2,PFC1060c
EXP-2,ApiAP2
EXP-2,PFI0975c
PF14_0679,PF13_0076
PF14_0679,ApiAP2
PF14_0700,PF07_0029
PF14_0700,PFD0835c
PF14_0700,ETRAMP5
PF14_0700,PFF0510w
PF14_0700,PFF0865w
PF14_0707,PF11_0509
PF14_0708,PF07_0029
PF14_0708,PF08_0108
PF14_0708,PF10_0146
PF14_0708,PF14_0054
PF14_0708,PF14_0700
PF14_0708,SEP2
PF14_0708,PFC0235w
PF14_0708,PFE0830c
PF14_0708,PGK
PF14_0708,PFI1780w
PF14_0708,PFL2060c
PF14_0724,PfRh2a
PF14_0731,PF10_0260
PF14_0731,PF11_0477
PF14_0731,PF13_0237
PF14_0731,PF13_0266
PF14_0731,MSP2
PF14_0731,PFF0920c
PF14_0731,MSP1
PF14_0735,MAL13P1.295
PF14_0735,PF11_0165
PF14_0735,PF13_0031
PF14_0735,PF14_0315
PF14_0735,PF14_0613
PF14_0735,PF14_0649
PF14_0735,PFB0540w
PF14_0735,PFC0255c
PF14_0735,PFE0350c
PF14_0758,PFL0185c
PFB0100c,PF10_0078
PFB0100c,PFB0915w
PFB0115w,MAL13P1.336
PFB0115w,PF11_0347
PFB0115w,PF13_0067
PFB0115w,MSP7
PFB0115w,PF14_0463
PFB0115w,PFI1715w
SEP2,PF10_0232
SEP2,PFC0550w
SEP2,MSP-9
PFB0125c,PF10_0344
PFB0125c,ApiAP2
PFB0125c,PF14_0342
PFB0125c,PFC0245c
PFB0125c,eba-165
PFB0125c,ApiAP2
PFB0125c,PFL1620w
PFB0190c,PF10_0254
PFB0194w,MAL8P1.69
PFB0260w,PFF0590c
PFB0260w,MSP1
MSP2,PF07_0081
MSP2,PF11_0302
MSP2,PF11_0398
MSP2,MSP2
MSP2,PFD0265w
MSP2,MyoE
MSP4,MAL7P1.170
MSP4,PFB0595w
SERA-7,PF07_0077
SERA-7,PF14_0393
SERA-7,CDPK1
SERA-7,PFE1355c
SERA-5,PF10_0232
SERA-5,PF10_0244
SERA-5,PF11_0165
SERA-5,gbph2
SERA-5,PF14_0046
SERA-5,PF14_0344
SERA-5,PF14_0442
SERA-5,PF14_0758
SERA-5,PFC0100c
SERA-5,PFD0545w
SERA-5,MESA
SERA-5,PFE0060w
SERA-5,PfSUMO
SERA-5,PFE0570w
SERA-5,PFE1120w
SERA-5,PFF1390w
SERA-5,PFI0240c
SERA-5,PFI0690c
SERA-5,PFI0930c
PFB0370c,PF10_0359
PFB0380c,MAL13P1.336
PFB0380c,PF14_0228
IspF,PF13_0019
PFB0490c,PFI0930c
PFB0540w,MAL8P1.111
PFB0540w,ApiAP2
PFB0540w,gcn5
PFB0540w,PF11_0111
PFB0540w,PFF0590c
PFB0540w,PFF1365c
PFB0540w,PFI0225w
PFB0595w,MyoE
Sec31p,MAL13P1.230
Sec31p,MAL8P1.64
Sec31p,PF10_0143
Sec31p,PF11_0329
Sec31p,ApiAP2
Sec31p,PFI1780w
Sec31p,pUB
PFB0655c,PF11_0313
PFB0670c,PF11_0314
PFB0670c,PF14_0614
PFB0670c,PFL0625c
RON6,PF13_0161
RON6,PFL0625c
PFB0710c,Bet1
PFB0710c,PFL2420w
PFB0760w,MAL8P1.104
PFB0760w,MAL8P1.23
PFB0760w,MAL8P1.34
PFB0760w,PF13_0268
PFB0760w,PFF1365c
PFB0765w,RON4
PFB0765w,PFD0535w
PFB0765w,ACT1
CDPK1,PF14_0170
CDPK1,PFB0540w
CDPK1,PFF0505c
CDPK1,PFF1440w
CDPK1,PFL1795c
PFB0870w,PFI1715w
PFB0870w,PFL0185c
PFB0935w,var1CSA
PFB0935w,PFI0225w
PFB0935w,ACS7
PFB0935w,PFL0280c
PFB0935w,PFL1025c
VAR,SUB2
PFC0080c,ETRAMP5
PFC0105w,MAL8P1.12
PFC0105w,PF10_0351
PFC0105w,PF13_0290
PFC0105w,PF13_0342
PFC0105w,PfMAP1
PFC0105w,PF14_0442
PFC0105w,PFC0875w
PFC0105w,PFD0080c
PFC0105w,MESA
PFC0105w,PFF0835w
RhopH1(3.1),MAL13P1.206
RhopH1(3.1),PF08_0128
RhopH1(3.1),PF11_0091
RhopH1(3.1),PF11_0477
RhopH1(3.1),EXP-2
RhopH1(3.1),PFB0380c
RhopH1(3.1),MESA
RhopH1(3.1),PFF0220w
RhopH1(3.1),MSP1
PFC0125w,PF14_0463
PFC0150w,MAL13P1.269
PFC0155c,PF07_0016
PFC0155c,PF07_0104
PFC0155c,PF08_0003
PFC0155c,PF10_0119
PFC0155c,PF10_0150
PFC0155c,PF13_0228
PFC0155c,PF14_0380
PFC0155c,MSP2
PFC0155c,MESA
PFC0155c,PFE0570w
PFC0155c,PFE0905w
PFC0155c,PFE1400c
PFC0155c,PFI0930c
PFC0155c,PFL1725w
PFC0165w,PF14_0096
PFC0170c,PF10_0135
PFC0170c,PF11_0086
PFC0170c,PF13_0281
PFC0245c,MAL7P1.12
PFC0245c,PF11_0392
PFC0245c,PF13_0161
PFC0245c,PF13_0228
PFC0245c,PFL0190w
PFC0255c,PFE1350c
PFC0255c,PFI1780w
PFC0265c,eba-140
PFC0265c,MAL8P1.113
PFC0265c,PF11_0477
PFC0265c,PFE1370w
PFC0265c,pUB
PFC0270w,MAL8P1.111
PFC0270w,PF10_0115
PFC0270w,PF11_0161
PFC0270w,RON4
PFC0270w,PF11_0175
PFC0270w,PF13_0021
PFC0270w,PFC0425w
PFC0285c,PFB0390w
PFC0320w,PFI1715w
PFC0325c,PF10_0262
PFC0325c,PF14_0434
PFC0325c,PFE1555c
PFC0325c,PFF0830w
PFC0325c,pUB
PFC0330w,RON4
PFC0345w,MAL8P1.152
PFC0345w,PFF0745c
PFC0350c,PF08_0060
PFC0350c,PF11_0439
PFC0360w,MAL13P1.111
PFC0370w,PF10_0039
PFC0370w,flN
PFC0370w,PF14_0184
PFC0370w,PF14_0461
PFC0370w,PFC0150w
PFC0370w,PFE1005w
PFC0370w,PFI0690c
PFC0370w,MSP1
PFC0370w,ACS3
PFC0375c,PF14_0360
PFC0390w,MAL13P1.133
PFC0390w,PF07_0086
PFC0390w,PF11_0131
PFC0390w,PfRhop148
PFC0405c,MAL13P1.202
PFC0405c,PFL0185c
PFC0435w,MAL13P1.202
PFC0435w,PF11_0224
PFC0455w,PF10_0342
PfGSK-3,PFI0175w
PFC0535w,PFD0400w
PFC0720w,MSP1
PFC0760c,MAL13P1.206
PFC0760c,Pcalp
PFC0760c,PF07_0053
PFC0760c,PF10_0232
PFC0760c,PF11_0524
PFC0760c,PF13_0073
PFC0760c,PF13_0315
PFC0760c,ApiAP2
PFC0760c,PF14_0170
PFC0760c,EXP-2
PFC0760c,PFE0385w
PFC0760c,PFE1335c
PFC0760c,PFF0880c
PFC0760c,PFI1780w
PFC0760c,PFL0350c
PFC0775w,PF07_0101
PFC0805w,SPAM
PFC0865w,PF11_0349
PFC0865w,PFL2235w
PFC0870w,MAL13P1.323
PFC0870w,PF13_0072
PFC0925w,PFF0375c
PFC0930c,MAL8P1.111
PFC0930c,MAL8P1.23
PFC0930c,Pfcrk-3
PFC0930c,PFI1720w
PFC0960c,PF14_0409
PFC0960c,PF14_0594
PFC0960c,PFF1440w
PFC0965w,ApiAP2
PFC1045c,PFL1745c
PFC1060c,PF10_0143
PFC1060c,PFI1780w
PFD0080c,MAL13P1.323
PFD0080c,MAL13P1.336
PFD0080c,PF07_0104
PFD0080c,PF10_0344
PFD0080c,PF11_0111
PFD0080c,PF11_0127
PFD0080c,PF11_0242
PFD0080c,PF11_0351
PFD0080c,PFD0735c
PFD0080c,ApiAP2
PFD0080c,MyoE
PFD0080c,PFI1085w
PFD0090c,PF11_0291
PFD0090c,PFF0480w
PFD0090c,ApiAP2
PFD0090c,PFF0835w
PFD0090c,PFL1240c
PFD0105c,MAL13P1.344
PFD0105c,PF10_0213
PFD0105c,ETRAMP10.2
PFD0105c,PF13_0203
PFD0105c,PfRON2
PFD0105c,PFB0125c
PFD0105c,PFF1185w
PFD0105c,PFI1480w
PFD0105c,PFL0815w
PFD0105c,PFL1010c
PFD0150w,MAL8P1.111
PFD0150w,PF11_0144
PFD0150w,PF11_0277
PFD0150w,PF11_0477
PFD0150w,PF14_0700
PFD0210c,PF14_0088
PFD0210c,PFE1605w
PFD0225w,PF14_0344
PFD0230c,MAL7P1.119
PFD0230c,SPAM
PFD0230c,PF14_0409
PFD0230c,EXP-2
PFD0230c,SERA-5
PFD0265w,MAL13P1.124
PFD0265w,PF08_0058
PFD0265w,PF10_0143
PFD0265w,PF14_0259
ASP,PF11_0055
ASP,PF13_0103
ASP,CEN2
ASP,PF14_0700
ASP,PF14_0731
ASP,PFB0540w
ASP,cyc-2
PFD0300w,PF11_0509
PFD0320c,MAL8P1.141
PFD0320c,PF10_0115
PFD0320c,PF11_0064
PFD0320c,PFE0430w
PFD0385w,PFF1050w
PFD0390c,PF11_0062
PFD0390c,PF13_0228
PFD0390c,PF14_0614
PFD0390c,Pfcrk-4
PFD0390c,PFC0775w
PFD0390c,PFL0815w
PFD0390c,PFL1705w
PFD0400w,PF11_0268
PFD0400w,PFB0915w
PFD0495c,PF10_0232
PFD0525w,MAL8P1.69
PFD0525w,PFL0350c
PFD0535w,PF11_0277
PFD0535w,PFC0345w
PFD0535w,MSP1
PFD0545w,MAL13P1.269
PFD0545w,PF10_0038
PFD0545w,PF11_0086
PFD0545w,PF11_0509
PFD0545w,PFD1055w
PFD0545w,PFL0625c
PFD0665c,MAL13P1.103
PFD0665c,MAL13P1.249
PFD0665c,MAL13P1.336
PFD0665c,MAL13P1.42
PFD0665c,MAL13P1.63
PFD0665c,MAL7P1.109
PFD0665c,MAL8P1.125
PFD0665c,MAL8P1.29
PFD0665c,PF10_0084
PFD0665c,Pf113
PFD0665c,PF14_0228
PFD0665c,MSP2
PFD0665c,PFD0150w
PFD0665c,PFD0310w
PFD0665c,ApiAP2
PFD0665c,PFE0990w
PFD0665c,PFF0700c
PFD0680c,PFF0430w
PFD0685c,PF08_0109
PFD0685c,PF11_0193
PFD0685c,PF13_0228
PFD0685c,SBA1
PFD0685c,PFB0765w
PFD0685c,PFL0625c
PFD0735c,PF11_0509
PFD0735c,PF14_0032
PFD0735c,PFD0735c
PFD0765w,PFI1085w
PFD0770c,PFL0185c
PFD0785c,PF10_0115
PFD0900w,PFI0690c
PFD0965W,PF10_0232
PFD0970c,PF07_0012
PFD0970c,ApiAP2
ApiAP2,PF14_0029
ApiAP2,PFF0590c
ApiAP2,PFF0785w
PFD1045c,MAL7P1.129
PFD1045c,ApiAP2
PFD1045c,PF11_0165
PFD1045c,PF14_0046
PFD1045c,PFB0920w
PFD1045c,PFF1165c
PFD1060w,PF07_0100
PFD1080w,PFE1225w
PFD1140w,PF07_0016
PFD1140w,PF08_0048
PFD1140w,PF13_0196
PFD1140w,EXP-2
PFD1140w,PFC0465c
PFD1140w,ETRAMP5
PFD1140w,PFF0220w
PFD1140w,PfPK4
PFD1140w,PFI0585c
PFD1140w,PFL1745c
eba-165,MAL13P1.206
trophozoite antigen R45,PF14_0487
trophozoite antigen R45,PFC0245c
trophozoite antigen R45,PFF0220w
trophozoite antigen R45,PfPK4
MESA,MAL13P1.120
MESA,MAL7P1.10
MESA,MAL7P1.171
MESA,PF10_0143
MESA,PF14_0014
MESA,PF14_0315
MESA,PF14_0326
MESA,GAPDH
MESA,PFI0175w
MESA,PFL1010c
MESA,MSP-9
PfSBP1,MAL13P1.193
PfSBP1,MAL8P1.40
PfSBP1,PF10_0374
PfSBP1,PF13_0161
PfSBP1,PfRh2a
PfSBP1,EXP-2
PfSBP1,PFB0735c
PfSBP1,RhopH1(3.1)
PfSBP1,MESA
PfSBP1,PFE1225w
PFE0130c,MAL8P1.104
PFE0130c,gcn5
PFE0130c,PFF0220w
PFE0130c,PFI0225w
PFE0155w,trophozoite antigen R45
PFE0160c,PF07_0082
PFE0185c,PFL0185c
PFE0185c,MSP-9
PfATPase3,MAL13P1.233
PfATPase3,pUB
PfATPase3,PFL1485w
PFE0230w,PF11_0086
PFE0235c,MAL7P1.102
PFE0350c,PF10_0171
PFE0350c,PF10_0242
PFE0350c,PFI1715w
PFE0375w,PFI1610c
PFE0385w,PF11_0342
Pf38,PF13_0058
PFE0430w,MAL13P1.308
PFE0430w,MAL8P1.69
PFE0430w,PF07_0071
PFE0430w,PF14_0631
PFE0430w,MSP1
PFE0430w,pUB
PFE0440w,ERC
PFE0450w,PF14_0070
PFE0450w,PF14_0252
PFE0450w,PF14_0558
PFE0450w,PFF0835w
PFE0450w,PFL0625c
PFE0450w,PFL2345c
PFE0485w,PFE1225w
PFE0500c,PF10_0232
PFE0500c,MyoA
PFE0500c,PFD0970c
PFE0500c,PFE1465w
PFE0500c,PFL0335c
PFE0570w,PF11_0055
PFE0570w,flN
PFE0570w,ETRAMP5
PFE0570w,MSP-9
PFE0570w,PFL1565c
PFE0585c,MAL7P1.10
PFE0595w,MSP1
PFE0595w,REX3
PFE0660c,PFC0435w
PFE0675c,MAL13P1.329
PFE0750c,MAL13P1.56
PFE0750c,MAL8P1.96
PFE0750c,PF08_0126
PFE0750c,PF10_0115
PFE0750c,PF11_0175
PFE0750c,PF13_0091
PFE0750c,PF13_0315
PFE0750c,PFC0425w
PFE0750c,PFD0950w
PFE0750c,PFF0785w
PFE0750c,ApiAP2
PFE0750c,PFL0830w
PFE0750c,MSP-9
PFE0750c,PFL1930w
PFE0770w,PFD0885c
PFE0785c,PF11_0142
PFE0835w,MAL8P1.69
PFE0835w,GAPDH
PFE0840c,PFD0150w
PFE0845c,PF11_0175
PFE0865c,PFF1440w
PFE0865c,PFI1715w
PFE0885w,PF11_0443
PFE0885w,PF14_0197
PFE0885w,PF14_0487
PFE0885w,Sec31p
PFE0885w,PFD0485w
PFE0885w,PFF0745c
PFE0895c,MAL13P1.25
PFE0905w,PFF1185w
PFE0915c,PF11_0504
PFE0915c,PFI0925w
PFE0990w,CEN2
PFE0990w,PFI0930c
PFE1020w,PF10_0262
PFE1030c,ApiAP2
PFE1050w,MAL8P1.83
PFE1050w,PF07_0101
PFE1050w,PF11_0246
PFE1050w,PF14_0690
PFE1050w,Sec31p
PFE1050w,PFD1060w
PFE1050w,REX3
PFE1050w,PFL1750c
PFE1105c,PFB0915w
PFE1195w,PFF0835w
PfACS10,MAL13P1.323
PfACS10,PFD0795w
PFE1325w,PF11_0396
PFE1325w,PF14_0486
PFE1325w,PF14_0700
PFE1325w,eba-165
PFE1325w,PFE0465c
PFE1325w,PFE1600w
PFE1330c,ETRAMP5
PFE1335c,MAL13P1.323
PFE1335c,PFD0885c
PFE1335c,MSP-9
PFE1340w,PF11_0504
PFE1345c,MAL13P1.14
PFE1345c,MAL8P1.146
PFE1345c,PF07_0077
PFE1345c,PF11_0161
PFE1345c,RON4
PFE1345c,PF14_0228
PFE1345c,PF14_0425
PFE1345c,CDPK1
PFE1345c,PFE1320w
PFE1345c,PFI0170w
PFE1345c,MSP1
PFE1345c,PFL1485w
PFE1350c,PF13_0072
PFE1350c,PFC0255c
PFE1370w,PF10_0143
PFE1370w,PFD0090c
PFE1465w,MAL7P1.129
PFE1465w,PF11_0086
PFE1465w,PF11_0225
PFE1465w,PfTKL-3
PFE1465w,MSP1
PFE1465w,PFL1620w
PFE1485w,PFC0235w
PFE1515w,PFI1610c
PFE1545c,Pfcrk-3
PFE1545c,PFF0570c
PFE1545c,PFF0835w
PFE1545c,MSP-9
ETRAMP5,MAL13P1.202
ETRAMP5,MAL7P1.19
ETRAMP5,MAL8P1.104
ETRAMP5,ApiAP2
ETRAMP5,PF07_0044
ETRAMP5,PF10_0232
ETRAMP5,PF11_0142
ETRAMP5,PF11_0302
ETRAMP5,cpsSII
ETRAMP5,PF14_0636
ETRAMP5,PFC0390w
ETRAMP5,PFD0885c
ETRAMP5,PFE1225w
ETRAMP5,PFF0835w
ETRAMP5,PFF1185w
ETRAMP5,ApiAP2
PFE1600w,PFE1005w
PFE1605w,ERF2
PFE1605w,PF07_0012
PFE1605w,PF07_0086
PFE1605w,PF13_0073
PFE1605w,PFB0115w
PFE1605w,Sec31p
PFE1605w,PFE1570c
PFE1605w,PFE1600w
PFE1605w,PFF0835w
PFE1605w,ApiAP2
PFE1605w,MSP1
PFF0095c,gcn5
PFF0095c,PF14_0031
PFF0150c,PF11_0049
PFF0150c,REX3
PFF0165c,gcn5
PFF0165c,PF11_0342
PFF0165c,PfRh2a
PFF0165c,PFF1185w
PFF0185c,MAL8P1.23
PFF0185c,PF10_0232
PFF0185c,PF11_0086
PFF0185c,UFD1
PFF0185c,PFF0745c
ApiAP2,ApiAP2
ApiAP2,PF10_0183
ApiAP2,PF11_0207
ApiAP2,PFC0330w
ApiAP2,PFD0210c
ApiAP2,trophozoite antigen R45
ApiAP2,PFL1545c
PFF0220w,MAL8P1.111
PFF0220w,gcn5
PFF0220w,PF10_0194
PFF0220w,PF10_0280
PFF0220w,PF11_0165
PFF0220w,PF14_0632
PFF0220w,PfCyP19
PFF0220w,PFF0220w
PFF0220w,PFF0590c
PFF0220w,REX3
PFF0285c,Bet1
PFF0285c,PFL0625c
PFF0295c,PF08_0132
PFF0295c,PF08_0137
PFF0295c,PF11_0165
PFF0295c,PF14_0046
PFF0295c,PFD0080c
PFF0295c,PFD0320c
PFF0295c,PFI0875w
PFF0325c,PF08_0137
PFF0325c,PF10_0378
PFF0325c,PFD0320c
PFF0420c,PF10_0232
PFF0420c,PF11_0503
PFF0420c,PF14_0252
PFF0445w,PFD0450c
PFF0445w,PFE0155w
PFF0445w,PFF0785w
PFF0445w,PFL2420w
PFF0480w,MAL7P1.141
PFF0480w,MAL8P1.18
PFF0480w,PfCDPK4
PFF0480w,PF11_0118
PFF0480w,PF11_0398
PFF0480w,PF13_0164
PFF0480w,PF14_0292
PFF0480w,PFD0235c
PFF0480w,PFF0480w
PFF0480w,PFF1440w
PFF0480w,PFL0130c
PFF0480w,MSP-9
PFF0505c,SBA1
PFF0510w,PF14_0700
PFF0510w,PFD1185w
PFF0510w,PFL0280c
PFF0535c,CEN2
PFF0575c,PF14_0359
PFF0590c,ApiAP2
PFF0590c,gcn5
PFF0590c,ApiAP2
PFF0590c,PFF0220w
PFF0590c,MSP-9
PFF0595c,PfCDPK4
PFF0595c,PF11_0108
PFF0595c,PF11_0418
PFF0595c,PF11_0433
PFF0595c,PF13_0265
PFF0595c,PFI0240c
PFF0625w,PF11_0464
PFF0625w,PFL2550w
PFF0660w,Trx
ApiAP2,PFI0175w
MyoE,MAL13P1.13
MyoE,MAL7P1.86
MyoE,MAL8P1.69
MyoE,PF08_0047
MyoE,SPAM
MyoE,PF11_0292
MyoE,PF11_0400
MyoE,PF14_0454
MyoE,PFE0050w
MyoE,PFE0070w
PFF0685c,PF14_0257
PFF0700c,PFL0290w
PFF0745c,MAL13P1.323
PFF0745c,PFE0865c
PFF0745c,PFF0745c
PFF0770c,MAL7P1.171
PFF0770c,PF11_0327
PFF0770c,PFD0940w
PFF0770c,PFF0745c
PFF0835w,MAL7P1.13
PFF0835w,PFD0835c
PFF0835w,PFL0625c
PFF0865w,PF14_0700
PFF0865w,PFL0280c
PFF0880c,PFF0880c
PFF0885w,PFI1715w
PFF0915w,MAL13P1.121
PFF0915w,PF07_0029
PFF0920c,MAL13P1.15
PFF0940c,PF08_0003
PFF0940c,PF11_0120
PFF0940c,PF14_0088
MSP10,MESA
PFF1000w,ACT1
PFF1050w,PFF1050w
PFF1050w,PFI1720w
PFF1050w,PFL2550w
PFF1095w,PFL0130c
ApiAP2,PF10_0183
ApiAP2,ApiAP2
PFF1110c,PF10_0232
PFF1110c,PF14_0241
PFF1110c,PF14_0556
PFF1110c,PFB0195c
PFF1155w,PFL0350c
PFF1185w,PF13_0036
PFF1185w,PFF1185w
PFF1185w,PFI1715w
PFF1220w,PF13_0161
PFF1220w,PFB0175c
PFF1220w,PFD0560w
PFF1220w,trophozoite antigen R45
PFF1220w,PFI0265c
PFF1300w,MAL8P1.23
PFF1300w,PF10_0025
PFF1300w,ApiAP2
PFF1300w,PFF0665c
PFF1300w,PFF0835w
PFF1325c,PF11_0242
PFF1365c,MAL7P1.12
PFF1365c,gcn5
PFF1365c,PF11_0241
PFF1365c,PF13_0139
PFF1365c,PFF0590c
PFF1365c,PFF1440w
PFF1365c,PFF1470c
PFF1365c,PFI0225w
PfPK4,PF07_0086
PfPK4,PF10_0348
PfPK4,PF11_0218
PfPK4,PF11_0277
PfPK4,PF14_0463
PfPK4,PFC0425w
PfPK4,PFD0210c
PfPK4,PFD0320c
PfPK4,PFF0745c
PfPK4,PFI0175w
PfPK4,PFL0350c
PFF1395c,PF10_0039
PFF1415c,PF14_0632
PFF1440w,PFD0795w
PFF1450w,PFI1610c
PFF1470c,ApiAP2
PFF1470c,PFI0225w
VAR,PFI1715w
Rab7,PFF1050w
PFI0160w,PFI0160w
PFI0180w,PF10_0138
PFI0180w,PF14_0167
PFI0180w,MSP-9
PFI0190w,ApiAP2
PFI0200c,PF10_0254
PFI0225w,MAL7P1.167
PFI0225w,MAL8P1.104
PFI0225w,ApiAP2
PFI0225w,gcn5
PFI0225w,PF08_0060
PFI0225w,PF08_0113
PFI0225w,ApiAP2
PFI0225w,PF10_0223
PFI0225w,PF11_0241
PFI0225w,MSP7
PFI0225w,PF14_0673
PFI0225w,PFE0130c
PFI0225w,PFF0590c
PFI0225w,PFF1365c
PFI0225w,PfPK4
PFI0225w,PFF1440w
PFI0225w,PFI0225w
PFI0225w,PFI1155w
PFI0225w,PFL0350c
PFI0240c,gcn5
PFI0240c,PF14_0547
PFI0240c,PFD0380c
PFI0240c,PFF0920c
PFI0240c,PFL2420w
PFI0250c,MAL8P1.127
PFI0250c,PF11_0242
PFI0250c,PF13_0035
PFI0250c,PF14_0013
PFI0250c,PF14_0437
PFI0250c,PF14_0727
PFI0250c,PFD0885c
PFI0250c,MSP1
PFI0265c,PF08_0081
PFI0265c,MSP1
PFI0265c,PFL1335w
PFI0290c,MAL7P1.129
PFI0290c,PFE0990w
PFI0290c,PFE1350c
PFI0345w,PFF0590c
PFI0350c,PF08_0082
PFI0350c,PF14_0637
PFI0350c,PFL1025c
PFI0355c,MAL13P1.337
PFI0370c,MSP-9
PFI0470w,MAL7P1.170
PFI0470w,MAL7P1.77
PFI0470w,PFF1185w
PFI0495w,PF10_0232
PFI0495w,PF10_0236
PFI0495w,PFD0785c
PFI0495w,PFD0875c
PFI0590c,PFE1405c
PFI0820c,PFI0820c
PFI0830c,MAL13P1.206
PFI0875w,MAL13P1.56
PFI0875w,PF14_0197
PFI0875w,CEN2
PFI0875w,PF14_0613
PFI0875w,PFI0875w
PFI0875w,PFL0290w
PFI0930c,MAL7P1.171
PFI0930c,MAL8P1.40
PFI0930c,PF07_0029
PFI0930c,PF08_0045
PFI0930c,PF10_0155
PFI0930c,ERC
PFI0930c,PF11_0242
PFI0930c,PF13_0190
PFI0930c,PF14_0344
PFI0930c,PF14_0390
PFI0930c,PFC1045c
PFI0930c,PFC1060c
PFI0930c,ApiAP2
PFI0930c,PFE1320w
PFI0930c,PFF1185w
PFI0930c,PFI0930c
PFI0930c,PFL0790w
PFI0930c,PFL1930w
PFI0970c,MAL7P1.119
PFI0975c,MAL13P1.111
PFI0975c,MAL13P1.56
PFI0975c,PF07_0056
PFI0975c,ApiAP2
PFI0975c,PF08_0003
PFI0975c,PF10_0254
PFI0975c,PF10_0296
PFI0975c,PF11_0165
PFI0975c,PF14_0569
PFI0975c,PF14_0649
PFI0975c,PF14_0726
PFI0975c,PFC0760c
PFI0975c,PFL0350c
PFI0975c,PFL2335w
PFI1010w,MAL8P1.95
PFI1075w,PF10_0073
PFI1075w,PF14_0124
PFI1075w,PF14_0631
PFI1075w,PFL0925w
PFI1075w,PFL1925w
PfSAMS,PfSAMS
PGK,PFL1235c
PFI1115c,PFI1715w
PFI1150w,gcn5
PFI1150w,PF14_0070
PFI1150w,PFE0230w
PFI1150w,PFF0590c
PFI1150w,PFF1440w
PFI1200w,PF13_0162
PFI1200w,PFL1230w
PFI1315c,PFL0185c
PFI1335w,PF08_0115
PFI1355w,PF14_0194
PFI1375w,MAL7P1.38
RhopH2,MAL8P1.69
RhopH2,MAL8P1.95
RhopH2,PF10_0086
RhopH2,PF10_0292
RhopH2,PF11_0049
RhopH2,PF13_0273
RhopH2,PF13_0277
RhopH2,PF14_0102
RhopH2,Pf113
RhopH2,PFD0400w
RhopH2,PFD1055w
RhopH2,MESA
RhopH2,PFE0450w
RhopH2,MSP-9
MSP1,MAL13P1.202
MSP1,PF07_0042
MSP1,PF08_0132
MSP1,PF10_0232
MSP1,PF10_0254
MSP1,RON4
MSP1,PF11_0193
MSP1,PF13_0036
MSP1,PF13_0200
MSP1,PF14_0252
MSP1,PF14_0270
MSP1,PF14_0344
MSP1,PF14_0700
MSP1,Syn17
MSP1,PFB0765w
MSP1,PFD0080c
MSP1,PFD0535w
MSP1,PFD0950w
MSP1,MESA
MSP1,PFE0770w
MSP1,PFE1465w
MSP1,MyoE
MSP1,PFF0930w
MSP1,PFF1110c
MSP1,PFL0305c
MSP1,PFL0335c
MSP1,PFL0350c
MSP1,MSP-9
PFI1510w,MAL13P1.323
PFI1610c,PF07_0029
PFI1610c,PF08_0035
PFI1610c,PF10_0217
PFI1610c,PF10_0342
PFI1610c,SPAM
PFI1610c,PF14_0324
PFI1610c,Pf41
PFI1610c,PFD0885c
PFI1610c,PFE0385w
PFI1610c,PFI0755c
PFI1610c,PFI0820c
PFI1610c,PFI1085w
PFI1610c,PFI1600w
PFI1640c,MAL8P1.95
PFI1680w,PFI1715w
PFI1720w,PF07_0024
PFI1720w,PF11_0086
PFI1720w,PF11_0347
PFI1720w,PF14_0425
PFI1720w,PF14_0487
PFI1720w,EXP-2
PFI1720w,FEN-1
PFI1720w,MESA
PFI1720w,PFF0865w
PFI1720w,MSP1
PFI1780w,PF10_0358
PFI1780w,RON4
PFI1780w,PFE0500c
VAR,PF10_0213
VAR,MSP-6
VAR,PF13_0286
VAR,SERA-5
VAR,PFI0875w
VAR,PFI1780w
VAR,PFL1485w
VAR,PFL2095w
VAR,PFL1930w
PFL0075w,PF07_0026
PFL0130c,PF07_0029
PFL0130c,ETRAMP10.2
PFL0130c,PF14_0359
PFL0130c,PFC0965w
PFL0130c,PFD0685c
PFL0130c,PFI0285w
PFL0130c,PFL0625c
PFL0130c,PFL1340c
PFL0130c,PFL1480w
PFL0135w,gcn5
PFL0135w,EXP-2
PFL0135w,PFC0235w
PFL0135w,PFE0770w
PFL0135w,MSP-9
PFL0155c,PF14_0324
PFL0155c,PFD0965W
PFL0155c,PFF0445w
PFL0155c,PFI0930c
PFL0155c,PFL0625c
PFL0185c,PFC0405c
PFL0185c,PFL0185c
PFL0190w,PF14_0474
PFL0210c,PF11_0327
PFL0210c,PFE1225w
PFL0275w,MAL8P1.104
PFL0275w,gcn5
PFL0275w,PF11_0477
PFL0275w,PF13_0162
PFL0275w,PFF0590c
PFL0275w,PFI0225w
PFL0275w,PFL0275w
PFL0280c,ETRAMP5
PFL0290w,PF11_0049
PFL0290w,PFL0290w
PFL0315c,MAL13P1.202
PFL0315c,PF10_0026
PFL0315c,PF10_0138
PFL0315c,GAPDH
PFL0315c,PFD0885c
PFL0315c,PFF0785w
PFL0315c,PFI1315c
PFL0315c,PFL0625c
PFL0315c,ApiAP2
PFL0335c,PF07_0117
PFL0335c,PF10_0351
PFL0350c,gcn5
PFL0350c,PFF0590c
PFL0350c,PfPK4
PFL0350c,PFL0350c
PFL0355c,PF10_0232
PFL0355c,PF11_0065
PFL0355c,PFD0255w
PFL0355c,PFE0770w
PFL0355c,PFL1635w
PFL0390c,PF10_0115
PFL0445w,PF10_0115
PFL0445w,PF13_0208
PFL0465c,PF14_0649
PFL0530c,MAL13P1.120
PFL0530c,PF14_0028
PFL0530c,PFF0460w
PFL0530c,PFF0745c
PFL0530c,PFI1780w
PFL0565w,PF14_0746
PFL0575w,PF08_0048
pUB,PF11_0069
pUB,PF14_0152
pUB,pUB
PFL0625c,MAL13P1.308
PFL0625c,PF08_0060
PFL0625c,PF11_0156
PFL0625c,PF11_0314
PFL0625c,PF11_0400
PFL0625c,PF14_0106
PFL0625c,Pf113
PFL0625c,PFB0765w
PFL0625c,PFD0685c
PFL0625c,PFI1610c
PFL0635c,PF14_0463
PFL0635c,PFI1715w
PFL0700w,MAL8P1.69
PFL0700w,PF10_0310
PFL0700w,PF14_0618
PFL0700w,PFL1340c
PFL0815w,MAL8P1.104
PFL0815w,PF10_0232
PFL0815w,PF13_0161
PFL0815w,PF14_0230
PFL0815w,PF14_0315
PFL0815w,PF14_0372
PFL0815w,MESA
PFL0815w,PFE0770w
PFL0815w,PFL1795c
PFL0835w,PF07_0086
PFL0835w,PF11_0053
PFL0835w,PFB0915w
PFL0865w,MAL13P1.184
VAR,PF14_0637
PFL0970w,PF14_0390
PFL1050w,MAL8P1.111
ApiAP2,SBA1
PKAr,PF07_0087
PKAr,PF10_0063
PKAr,PF10_0115
PKAr,PFF0745c
PFL1125w,MAL7P1.170
PFL1125w,PF14_0233
PFL1125w,PFC0400w
PFL1170w,PF11_0086
PFL1205c,PF11_0218
PFL1215c,gcn5
PFL1245w,MAL8P1.69
PFL1245w,PFF1185w
PFL1245w,REX3
PFL1290w,PF11_0509
PFL1315w,ApiAP2
PFL1315w,PFI0990c
PFL1335w,PF07_0120
PFL1335w,PFL1335w
PFL1340c,MAL13P1.308
PFL1345c,3D7Surf8.2
PFL1345c,PF08_0003
nek-1,PFC0345w
MSP-9,PfPDI-8
MSP-9,PF10_0232
MSP-9,PF10_0242
MSP-9,PF10_0361
MSP-9,PF11_0069
MSP-9,PF11_0193
MSP-9,PF11_0241
MSP-9,SUB2
MSP-9,PF14_0228
MSP-9,PF14_0352
MSP-9,PFD0785c
MSP-9,PFD0885c
MSP-9,PFE0235c
MSP-9,PFI0990c
MSP-9,PGK
MSP-9,MSP-9
PFL1395c,MAL13P1.302
PFL1395c,gcn5
PFL1395c,PFD0795w
PFL1395c,PFF0590c
PFL1395c,PFI1715w
PFL1395c,PFL1395c
PFL1415w,PFL2010c
PFL1480w,MAL13P1.202
PFL1525c,PF14_0344
PFL1530w,MSP2
PFL1590c,PFD0545w
PFL1600c,PF10_0213
PFL1620w,PF11_0064
PFL1620w,PFI0190w
PFL1705w,PF11_0242
PFL1705w,PF13_0276
PFL1705w,PF14_0257
PFL1705w,emp3
PFL1705w,PFI1320c
PFL1705w,PFL0190w
PFL1705w,pUB
PFL1705w,MSP-9
PFL1745c,MAL13P1.336
PFL1745c,MAL7P1.109
PFL1745c,MAL7P1.16
PFL1745c,PF07_0120
PFL1745c,PF08_0137
PFL1745c,PF10_0068
PFL1745c,PF10_0324
PFL1745c,RON4
PFL1745c,PF11_0438
PFL1745c,PF13_0049
PFL1745c,PF13_0053
PFL1745c,PF14_0223
PFL1745c,PF14_0637
PFL1745c,EXP-2
PFL1745c,PFE0750c
PFL1835w,PF10_0194
PFL1835w,PF14_0289
PFL1835w,PFE0070w
PFL1835w,PFI0195c
PFL1835w,PFL0295c
PFL1835w,PFL0625c
PFL1855w,Syn17
PFL1865w,PF10_0143
PFL1865w,PF10_0232
PFL1865w,PF14_0123
PFL1865w,PF14_0463
PFL1865w,PFD0785c
PFL1865w,PFD0875c
ApiAP2,PFE1320w
GyrB,PF07_0056
PFL1925w,MAL13P1.102
PFL1925w,PFL1925w
PFL1930w,Sec31p
PFL1930w,PFC0235w
PFL1930w,PFL0350c
PFL2060c,SPAM
PFL2100w,MAL13P1.336
PFL2100w,PF11_0035
PFL2120w,MAL7P1.170
PFL2120w,VAR
PFL2120w,VAR
PFL2120w,VAR
PFL2120w,PFL1745c
PFL2165w,Pfcrk-3
PFL2195w,MAL7P1.155
ACT1,ApiAP2
ACT1,PF14_0352
ACT1,PFL1395c
PFL2335w,ApiAP2
PFL2335w,PFI1715w
PFL2345c,MAL8P1.69
PFL2345c,PFE0450w
PFL2365w,MAL8P1.111
PFL2365w,PFF0835w
PFL2390c,PF07_0107
PFL2390c,PF10_0292
PFL2390c,PF11_0260
PFL2390c,ApiAP2
PFL2390c,PF11_0508
PFL2390c,PF13_0275
PFL2390c,PF13_0304
PFL2390c,PF14_0088
PFL2390c,PF14_0434
PFL2390c,PF14_0531
PFL2390c,EXP-2
PFL2390c,PFC0405c
PFL2390c,PFC0425w
PFL2390c,PFE1400c
PFL2390c,DGK1
PFL2390c,MSP-9
PFL2390c,PFL1625w
PFL2410w,PF10_0292
PFL2410w,PF14_0344
PFL2410w,PFE1405c
PFL2430c,MAL13P1.268
PFL2430c,MAL13P1.308
PFL2430c,PF07_0029
PFL2430c,PF14_0461
PFL2505c,SPAM
PFL2505c,PF11_0156
PFL2505c,PF13_0208
PFL2505c,PF14_0344
PFL2505c,PF14_0637
PFL2505c,Sec31p
Rh3,PF10_0217
Rh3,PF14_0344
Rh3,PFI1715w
Rh3,PFL1930w
PFL2530w,PF14_0650
PF11_0336,UBL5
PP1,PF10_0311
PF10_0311,PP1
PF10_0311,PP1
PF10_0311,GLC7
